thr,nms_iou,min_aspect,nms_method,tp,fp,fn,precision,recall,f1
0.3,0.35,2.0,hard,788,179,267,0.8149,0.7469,0.7794
0.3,0.35,2.0,soft,812,3402,243,0.1927,0.7697,0.3082
0.3,0.35,2.5,hard,788,170,267,0.8225,0.7469,0.7829
0.3,0.35,2.5,soft,811,3370,244,0.194,0.7687,0.3098
0.3,0.35,3.0,hard,777,155,278,0.8337,0.7365,0.7821
0.3,0.35,3.0,soft,806,3268,249,0.1978,0.764,0.3143
0.3,0.4,2.0,hard,789,188,266,0.8076,0.7479,0.7766
0.3,0.4,2.0,soft,812,3402,243,0.1927,0.7697,0.3082
0.3,0.4,2.5,hard,789,179,266,0.8151,0.7479,0.78
0.3,0.4,2.5,soft,811,3370,244,0.194,0.7687,0.3098
0.3,0.4,3.0,hard,778,164,277,0.8259,0.7374,0.7792
0.3,0.4,3.0,soft,806,3268,249,0.1978,0.764,0.3143
0.3,0.45,2.0,hard,789,204,266,0.7946,0.7479,0.7705
0.3,0.45,2.0,soft,812,3402,243,0.1927,0.7697,0.3082
0.3,0.45,2.5,hard,789,195,266,0.8018,0.7479,0.7739
0.3,0.45,2.5,soft,811,3370,244,0.194,0.7687,0.3098
0.3,0.45,3.0,hard,778,180,277,0.8121,0.7374,0.773
0.3,0.45,3.0,soft,806,3268,249,0.1978,0.764,0.3143
0.3,0.5,2.0,hard,794,209,261,0.7916,0.7526,0.7716
0.3,0.5,2.0,soft,812,3402,243,0.1927,0.7697,0.3082
0.3,0.5,2.5,hard,794,200,261,0.7988,0.7526,0.775
0.3,0.5,2.5,soft,811,3370,244,0.194,0.7687,0.3098
0.3,0.5,3.0,hard,783,184,272,0.8097,0.7422,0.7745
0.3,0.5,3.0,soft,806,3268,249,0.1978,0.764,0.3143
0.3,0.55,2.0,hard,796,228,259,0.7773,0.7545,0.7658
0.3,0.55,2.0,soft,812,3402,243,0.1927,0.7697,0.3082
0.3,0.55,2.5,hard,796,218,259,0.785,0.7545,0.7695
0.3,0.55,2.5,soft,811,3370,244,0.194,0.7687,0.3098
0.3,0.55,3.0,hard,785,201,270,0.7961,0.7441,0.7692
0.3,0.55,3.0,soft,806,3268,249,0.1978,0.764,0.3143
0.35,0.35,2.0,hard,782,158,273,0.8319,0.7412,0.784
0.35,0.35,2.0,soft,806,3275,249,0.1975,0.764,0.3139
0.35,0.35,2.5,hard,782,150,273,0.8391,0.7412,0.7871
0.35,0.35,2.5,soft,805,3247,250,0.1987,0.763,0.3153
0.35,0.35,3.0,hard,771,135,284,0.851,0.7308,0.7863
0.35,0.35,3.0,soft,800,3147,255,0.2027,0.7583,0.3199
0.35,0.4,2.0,hard,783,165,272,0.8259,0.7422,0.7818
0.35,0.4,2.0,soft,806,3275,249,0.1975,0.764,0.3139
0.35,0.4,2.5,hard,783,157,272,0.833,0.7422,0.785
0.35,0.4,2.5,soft,805,3247,250,0.1987,0.763,0.3153
0.35,0.4,3.0,hard,772,142,283,0.8446,0.7318,0.7842
0.35,0.4,3.0,soft,800,3147,255,0.2027,0.7583,0.3199
0.35,0.45,2.0,hard,784,182,271,0.8116,0.7431,0.7759
0.35,0.45,2.0,soft,806,3275,249,0.1975,0.764,0.3139
0.35,0.45,2.5,hard,784,174,271,0.8184,0.7431,0.7789
0.35,0.45,2.5,soft,805,3247,250,0.1987,0.763,0.3153
0.35,0.45,3.0,hard,773,159,282,0.8294,0.7327,0.7781
0.35,0.45,3.0,soft,800,3147,255,0.2027,0.7583,0.3199
0.35,0.5,2.0,hard,788,187,267,0.8082,0.7469,0.7764
0.35,0.5,2.0,soft,806,3275,249,0.1975,0.764,0.3139
0.35,0.5,2.5,hard,788,179,267,0.8149,0.7469,0.7794
0.35,0.5,2.5,soft,805,3247,250,0.1987,0.763,0.3153
0.35,0.5,3.0,hard,777,163,278,0.8266,0.7365,0.7789
0.35,0.5,3.0,soft,800,3147,255,0.2027,0.7583,0.3199
0.35,0.55,2.0,hard,789,202,266,0.7962,0.7479,0.7713
0.35,0.55,2.0,soft,806,3275,249,0.1975,0.764,0.3139
0.35,0.55,2.5,hard,789,193,266,0.8035,0.7479,0.7747
0.35,0.55,2.5,soft,805,3247,250,0.1987,0.763,0.3153
0.35,0.55,3.0,hard,778,176,277,0.8155,0.7374,0.7745
0.35,0.55,3.0,soft,800,3147,255,0.2027,0.7583,0.3199
0.4,0.35,2.0,hard,775,151,280,0.8369,0.7346,0.7824
0.4,0.35,2.0,soft,799,3176,256,0.201,0.7573,0.3177
0.4,0.35,2.5,hard,775,143,280,0.8442,0.7346,0.7856
0.4,0.35,2.5,soft,798,3148,257,0.2022,0.7564,0.3191
0.4,0.35,3.0,hard,764,128,291,0.8565,0.7242,0.7848
0.4,0.35,3.0,soft,793,3049,262,0.2064,0.7517,0.3239
0.4,0.4,2.0,hard,775,157,280,0.8315,0.7346,0.7801
0.4,0.4,2.0,soft,799,3176,256,0.201,0.7573,0.3177
0.4,0.4,2.5,hard,775,149,280,0.8387,0.7346,0.7832
0.4,0.4,2.5,soft,798,3148,257,0.2022,0.7564,0.3191
0.4,0.4,3.0,hard,764,134,291,0.8508,0.7242,0.7824
0.4,0.4,3.0,soft,793,3049,262,0.2064,0.7517,0.3239
0.4,0.45,2.0,hard,776,167,279,0.8229,0.7355,0.7768
0.4,0.45,2.0,soft,799,3176,256,0.201,0.7573,0.3177
0.4,0.45,2.5,hard,776,159,279,0.8299,0.7355,0.7799
0.4,0.45,2.5,soft,798,3148,257,0.2022,0.7564,0.3191
0.4,0.45,3.0,hard,765,144,290,0.8416,0.7251,0.779
0.4,0.45,3.0,soft,793,3049,262,0.2064,0.7517,0.3239
0.4,0.5,2.0,hard,782,170,273,0.8214,0.7412,0.7793
0.4,0.5,2.0,soft,799,3176,256,0.201,0.7573,0.3177
0.4,0.5,2.5,hard,782,162,273,0.8284,0.7412,0.7824
0.4,0.5,2.5,soft,798,3148,257,0.2022,0.7564,0.3191
0.4,0.5,3.0,hard,771,147,284,0.8399,0.7308,0.7816
0.4,0.5,3.0,soft,793,3049,262,0.2064,0.7517,0.3239
0.4,0.55,2.0,hard,782,185,273,0.8087,0.7412,0.7735
0.4,0.55,2.0,soft,799,3176,256,0.201,0.7573,0.3177
0.4,0.55,2.5,hard,782,176,273,0.8163,0.7412,0.7769
0.4,0.55,2.5,soft,798,3148,257,0.2022,0.7564,0.3191
0.4,0.55,3.0,hard,771,160,284,0.8281,0.7308,0.7764
0.4,0.55,3.0,soft,793,3049,262,0.2064,0.7517,0.3239
0.45,0.35,2.0,hard,770,137,285,0.849,0.7299,0.7849
0.45,0.35,2.0,soft,793,3035,262,0.2072,0.7517,0.3248
0.45,0.35,2.5,hard,770,129,285,0.8565,0.7299,0.7881
0.45,0.35,2.5,soft,792,3009,263,0.2084,0.7507,0.3262
0.45,0.35,3.0,hard,759,114,296,0.8694,0.7194,0.7873
0.45,0.35,3.0,soft,786,2911,269,0.2126,0.745,0.3308
0.45,0.4,2.0,hard,770,140,285,0.8462,0.7299,0.7837
0.45,0.4,2.0,soft,793,3035,262,0.2072,0.7517,0.3248
0.45,0.4,2.5,hard,770,132,285,0.8537,0.7299,0.7869
0.45,0.4,2.5,soft,792,3009,263,0.2084,0.7507,0.3262
0.45,0.4,3.0,hard,759,117,296,0.8664,0.7194,0.7861
0.45,0.4,3.0,soft,786,2911,269,0.2126,0.745,0.3308
0.45,0.45,2.0,hard,771,149,284,0.838,0.7308,0.7808
0.45,0.45,2.0,soft,793,3035,262,0.2072,0.7517,0.3248
0.45,0.45,2.5,hard,771,141,284,0.8454,0.7308,0.7839
0.45,0.45,2.5,soft,792,3009,263,0.2084,0.7507,0.3262
0.45,0.45,3.0,hard,760,126,295,0.8578,0.7204,0.7831
0.45,0.45,3.0,soft,786,2911,269,0.2126,0.745,0.3308
0.45,0.5,2.0,hard,775,151,280,0.8369,0.7346,0.7824
0.45,0.5,2.0,soft,793,3035,262,0.2072,0.7517,0.3248
0.45,0.5,2.5,hard,775,143,280,0.8442,0.7346,0.7856
0.45,0.5,2.5,soft,792,3009,263,0.2084,0.7507,0.3262
0.45,0.5,3.0,hard,764,128,291,0.8565,0.7242,0.7848
0.45,0.5,3.0,soft,786,2911,269,0.2126,0.745,0.3308
0.45,0.55,2.0,hard,776,159,279,0.8299,0.7355,0.7799
0.45,0.55,2.0,soft,793,3035,262,0.2072,0.7517,0.3248
0.45,0.55,2.5,hard,776,150,279,0.838,0.7355,0.7834
0.45,0.55,2.5,soft,792,3009,263,0.2084,0.7507,0.3262
0.45,0.55,3.0,hard,765,134,290,0.8509,0.7251,0.783
0.45,0.55,3.0,soft,786,2911,269,0.2126,0.745,0.3308
0.5,0.35,2.0,hard,759,120,296,0.8635,0.7194,0.7849
0.5,0.35,2.0,soft,781,2906,274,0.2118,0.7403,0.3294
0.5,0.35,2.5,hard,759,114,296,0.8694,0.7194,0.7873
0.5,0.35,2.5,soft,780,2882,275,0.213,0.7393,0.3307
0.5,0.35,3.0,hard,748,99,307,0.8831,0.709,0.7865
0.5,0.35,3.0,soft,774,2785,281,0.2175,0.7336,0.3355
0.5,0.4,2.0,hard,759,121,296,0.8625,0.7194,0.7845
0.5,0.4,2.0,soft,781,2906,274,0.2118,0.7403,0.3294
0.5,0.4,2.5,hard,759,115,296,0.8684,0.7194,0.7869
0.5,0.4,2.5,soft,780,2882,275,0.213,0.7393,0.3307
0.5,0.4,3.0,hard,748,100,307,0.8821,0.709,0.7861
0.5,0.4,3.0,soft,774,2785,281,0.2175,0.7336,0.3355
0.5,0.45,2.0,hard,760,129,295,0.8549,0.7204,0.7819
0.5,0.45,2.0,soft,781,2906,274,0.2118,0.7403,0.3294
0.5,0.45,2.5,hard,760,123,295,0.8607,0.7204,0.7843
0.5,0.45,2.5,soft,780,2882,275,0.213,0.7393,0.3307
0.5,0.45,3.0,hard,749,108,306,0.874,0.71,0.7835
0.5,0.45,3.0,soft,774,2785,281,0.2175,0.7336,0.3355
0.5,0.5,2.0,hard,764,131,291,0.8536,0.7242,0.7836
0.5,0.5,2.0,soft,781,2906,274,0.2118,0.7403,0.3294
0.5,0.5,2.5,hard,764,125,291,0.8594,0.7242,0.786
0.5,0.5,2.5,soft,780,2882,275,0.213,0.7393,0.3307
0.5,0.5,3.0,hard,753,110,302,0.8725,0.7137,0.7852
0.5,0.5,3.0,soft,774,2785,281,0.2175,0.7336,0.3355
0.5,0.55,2.0,hard,765,138,290,0.8472,0.7251,0.7814
0.5,0.55,2.0,soft,781,2906,274,0.2118,0.7403,0.3294
0.5,0.55,2.5,hard,765,131,290,0.8538,0.7251,0.7842
0.5,0.55,2.5,soft,780,2882,275,0.213,0.7393,0.3307
0.5,0.55,3.0,hard,754,115,301,0.8677,0.7147,0.7838
0.5,0.55,3.0,soft,774,2785,281,0.2175,0.7336,0.3355
0.55,0.35,2.0,hard,737,113,318,0.8671,0.6986,0.7738
0.55,0.35,2.0,soft,758,2755,297,0.2158,0.7185,0.3319
0.55,0.35,2.5,hard,737,107,318,0.8732,0.6986,0.7762
0.55,0.35,2.5,soft,758,2733,297,0.2171,0.7185,0.3335
0.55,0.35,3.0,hard,726,92,329,0.8875,0.6882,0.7752
0.55,0.35,3.0,soft,750,2639,305,0.2213,0.7109,0.3375
0.55,0.4,2.0,hard,737,114,318,0.866,0.6986,0.7733
0.55,0.4,2.0,soft,758,2755,297,0.2158,0.7185,0.3319
0.55,0.4,2.5,hard,737,108,318,0.8722,0.6986,0.7758
0.55,0.4,2.5,soft,758,2733,297,0.2171,0.7185,0.3335
0.55,0.4,3.0,hard,726,93,329,0.8864,0.6882,0.7748
0.55,0.4,3.0,soft,750,2639,305,0.2213,0.7109,0.3375
0.55,0.45,2.0,hard,738,121,317,0.8591,0.6995,0.7712
0.55,0.45,2.0,soft,758,2755,297,0.2158,0.7185,0.3319
0.55,0.45,2.5,hard,738,115,317,0.8652,0.6995,0.7736
0.55,0.45,2.5,soft,758,2733,297,0.2171,0.7185,0.3335
0.55,0.45,3.0,hard,727,100,328,0.8791,0.6891,0.7726
0.55,0.45,3.0,soft,750,2639,305,0.2213,0.7109,0.3375
0.55,0.5,2.0,hard,741,123,314,0.8576,0.7024,0.7723
0.55,0.5,2.0,soft,758,2755,297,0.2158,0.7185,0.3319
0.55,0.5,2.5,hard,741,117,314,0.8636,0.7024,0.7747
0.55,0.5,2.5,soft,758,2733,297,0.2171,0.7185,0.3335
0.55,0.5,3.0,hard,730,102,325,0.8774,0.6919,0.7737
0.55,0.5,3.0,soft,750,2639,305,0.2213,0.7109,0.3375
0.55,0.55,2.0,hard,743,127,312,0.854,0.7043,0.7719
0.55,0.55,2.0,soft,758,2755,297,0.2158,0.7185,0.3319
0.55,0.55,2.5,hard,743,120,312,0.861,0.7043,0.7748
0.55,0.55,2.5,soft,758,2733,297,0.2171,0.7185,0.3335
0.55,0.55,3.0,hard,732,105,323,0.8746,0.6938,0.7738
0.55,0.55,3.0,soft,750,2639,305,0.2213,0.7109,0.3375
0.6,0.35,2.0,hard,716,108,339,0.8689,0.6787,0.7621
0.6,0.35,2.0,soft,733,2552,322,0.2231,0.6948,0.3378
0.6,0.35,2.5,hard,716,102,339,0.8753,0.6787,0.7645
0.6,0.35,2.5,soft,733,2531,322,0.2246,0.6948,0.3394
0.6,0.35,3.0,hard,705,87,350,0.8902,0.6682,0.7634
0.6,0.35,3.0,soft,725,2437,330,0.2293,0.6872,0.3438
0.6,0.4,2.0,hard,716,108,339,0.8689,0.6787,0.7621
0.6,0.4,2.0,soft,733,2552,322,0.2231,0.6948,0.3378
0.6,0.4,2.5,hard,716,102,339,0.8753,0.6787,0.7645
0.6,0.4,2.5,soft,733,2531,322,0.2246,0.6948,0.3394
0.6,0.4,3.0,hard,705,87,350,0.8902,0.6682,0.7634
0.6,0.4,3.0,soft,725,2437,330,0.2293,0.6872,0.3438
0.6,0.45,2.0,hard,717,114,338,0.8628,0.6796,0.7603
0.6,0.45,2.0,soft,733,2552,322,0.2231,0.6948,0.3378
0.6,0.45,2.5,hard,717,108,338,0.8691,0.6796,0.7628
0.6,0.45,2.5,soft,733,2531,322,0.2246,0.6948,0.3394
0.6,0.45,3.0,hard,706,93,349,0.8836,0.6692,0.7616
0.6,0.45,3.0,soft,725,2437,330,0.2293,0.6872,0.3438
0.6,0.5,2.0,hard,718,114,337,0.863,0.6806,0.761
0.6,0.5,2.0,soft,733,2552,322,0.2231,0.6948,0.3378
0.6,0.5,2.5,hard,718,108,337,0.8692,0.6806,0.7634
0.6,0.5,2.5,soft,733,2531,322,0.2246,0.6948,0.3394
0.6,0.5,3.0,hard,707,93,348,0.8838,0.6701,0.7623
0.6,0.5,3.0,soft,725,2437,330,0.2293,0.6872,0.3438
0.6,0.55,2.0,hard,720,116,335,0.8612,0.6825,0.7615
0.6,0.55,2.0,soft,733,2552,322,0.2231,0.6948,0.3378
0.6,0.55,2.5,hard,720,110,335,0.8675,0.6825,0.7639
0.6,0.55,2.5,soft,733,2531,322,0.2246,0.6948,0.3394
0.6,0.55,3.0,hard,709,95,346,0.8818,0.672,0.7628
0.6,0.55,3.0,soft,725,2437,330,0.2293,0.6872,0.3438
