epoch,time,train/box_loss,train/cls_loss,train/dfl_loss,train/angle_loss,metrics/precision(B),metrics/recall(B),metrics/mAP50(B),metrics/mAP50-95(B),val/box_loss,val/cls_loss,val/dfl_loss,val/angle_loss,lr/pg0,lr/pg1,lr/pg2,lr/pg3,lr/pg4,lr/pg5,lr/pg6,lr/pg7
1,162.935,3.37886,2.6722,4.32781,0.08917,0.17244,0.1004,0.06602,0.01735,3.06559,2.35339,4.81443,0.01708,0.00162,0.00054,0.00162,0.00054,0.00162,0.00054,0.00162,0.00054
2,313.391,2.90998,2.1085,3.80524,0.05178,0.38165,0.37261,0.28675,0.06803,2.69902,2.11336,3.24869,0.01093,0.00326733,0.00108911,0.00326733,0.00108911,0.00326733,0.00108911,0.00326733,0.00108911
3,466.883,2.46538,1.72386,3.14421,0.03164,0.51582,0.6333,0.51906,0.17174,2.21035,1.80786,2.62642,0.00492,0.0048814,0.00162713,0.0048814,0.00162713,0.0048814,0.00162713,0.0048814,0.00162713
4,623.743,2.15128,1.46885,2.666,0.02126,0.60497,0.71414,0.65536,0.24496,2.10081,1.52504,2.315,0.00396,0.0058218,0.0019406,0.0058218,0.0019406,0.0058218,0.0019406,0.0058218,0.0019406
5,783.207,1.96258,1.32579,2.35489,0.01522,0.68333,0.74637,0.74721,0.27464,1.99078,1.36935,2.15731,0.00382,0.0057624,0.0019208,0.0057624,0.0019208,0.0057624,0.0019208,0.0057624,0.0019208
6,936.112,1.78675,1.18234,2.17734,0.01032,0.74224,0.74373,0.7908,0.38004,1.80441,1.16328,2.10781,0.00235,0.005703,0.001901,0.005703,0.001901,0.005703,0.001901,0.005703,0.001901
7,1088.81,1.69341,1.11633,2.03386,0.01109,0.77078,0.75069,0.80406,0.37891,1.88929,1.10788,2.06728,0.00322,0.0056436,0.0018812,0.0056436,0.0018812,0.0056436,0.0018812,0.0056436,0.0018812
8,1240.58,1.6457,1.0713,1.97175,0.01013,0.8128,0.78071,0.82733,0.43987,1.65436,1.03566,2.02158,0.00192,0.0055842,0.0018614,0.0055842,0.0018614,0.0055842,0.0018614,0.0055842,0.0018614
9,1392.7,1.55497,0.99831,1.87799,0.00837,0.82556,0.79397,0.84082,0.47871,1.55441,0.96584,1.92222,0.00171,0.0055248,0.0018416,0.0055248,0.0018416,0.0055248,0.0018416,0.0055248,0.0018416
10,1535.13,1.52947,1.00193,1.8722,0.00892,0.84331,0.83487,0.86823,0.48379,1.50146,0.91612,1.83043,0.00186,0.0054654,0.0018218,0.0054654,0.0018218,0.0054654,0.0018218,0.0054654,0.0018218
11,1679.58,1.44833,0.96445,1.80613,0.00946,0.85258,0.83355,0.87299,0.49675,1.4448,0.89045,1.78849,0.0017,0.005406,0.001802,0.005406,0.001802,0.005406,0.001802,0.005406,0.001802
12,1828.48,1.39143,0.91944,1.77775,0.00847,0.88663,0.8265,0.8887,0.50925,1.40554,0.86751,1.74127,0.0017,0.0053466,0.0017822,0.0053466,0.0017822,0.0053466,0.0017822,0.0053466,0.0017822
13,1972.51,1.41058,0.91292,1.75553,0.0084,0.85965,0.83355,0.88454,0.48102,1.50347,0.87377,1.69029,0.00261,0.0052872,0.0017624,0.0052872,0.0017624,0.0052872,0.0017624,0.0052872,0.0017624
14,2115.9,1.3779,0.90706,1.72461,0.00825,0.87683,0.84941,0.89389,0.54714,1.34387,0.82648,1.69301,0.0022,0.0052278,0.0017426,0.0052278,0.0017426,0.0052278,0.0017426,0.0052278,0.0017426
15,2259.88,1.36015,0.8963,1.70238,0.0073,0.87718,0.84808,0.89726,0.5762,1.23906,0.80454,1.67118,0.00176,0.0051684,0.0017228,0.0051684,0.0017228,0.0051684,0.0017228,0.0051684,0.0017228
16,2403.56,1.30919,0.86841,1.6809,0.00713,0.87016,0.84412,0.90104,0.57779,1.23942,0.81672,1.64529,0.00172,0.005109,0.001703,0.005109,0.001703,0.005109,0.001703,0.005109,0.001703
17,2549.26,1.27707,0.8505,1.66389,0.00656,0.86899,0.84993,0.89928,0.60195,1.16343,0.79479,1.61907,0.00127,0.0050496,0.0016832,0.0050496,0.0016832,0.0050496,0.0016832,0.0050496,0.0016832
18,2691.63,1.27722,0.85631,1.64382,0.00706,0.9107,0.83223,0.9105,0.59815,1.15018,0.78807,1.595,0.00124,0.0049902,0.0016634,0.0049902,0.0016634,0.0049902,0.0016634,0.0049902,0.0016634
19,2833.62,1.2832,0.8579,1.64245,0.00698,0.87813,0.84713,0.90497,0.55272,1.25038,0.81707,1.57307,0.00168,0.0049308,0.0016436,0.0049308,0.0016436,0.0049308,0.0016436,0.0049308,0.0016436
20,2976.05,1.25389,0.83251,1.59925,0.00674,0.88777,0.83594,0.90709,0.60109,1.1563,0.7767,1.52936,0.00191,0.0048714,0.0016238,0.0048714,0.0016238,0.0048714,0.0016238,0.0048714,0.0016238
21,3120.64,1.20836,0.80827,1.5882,0.00644,0.89608,0.84289,0.90768,0.56972,1.23012,0.78631,1.55038,0.00173,0.004812,0.001604,0.004812,0.001604,0.004812,0.001604,0.004812,0.001604
22,3263.74,1.24069,0.82195,1.5844,0.00629,0.90344,0.84148,0.9152,0.63452,1.09052,0.75037,1.53306,0.00165,0.0047526,0.0015842,0.0047526,0.0015842,0.0047526,0.0015842,0.0047526,0.0015842
23,3408.6,1.19744,0.81039,1.55859,0.00609,0.90897,0.83355,0.91255,0.5452,1.38211,0.80056,1.50127,0.0026,0.0046932,0.0015644,0.0046932,0.0015644,0.0046932,0.0015644,0.0046932,0.0015644
24,3548.79,1.21782,0.81622,1.56502,0.00622,0.87406,0.86181,0.91624,0.63619,1.06189,0.75352,1.47825,0.00149,0.0046338,0.0015446,0.0046338,0.0015446,0.0046338,0.0015446,0.0046338,0.0015446
25,3685.67,1.16552,0.78275,1.53506,0.00591,0.88366,0.85733,0.91406,0.57997,1.25286,0.80789,1.46262,0.0023,0.0045744,0.0015248,0.0045744,0.0015248,0.0045744,0.0015248,0.0045744,0.0015248
26,3823.55,1.20584,0.79484,1.54726,0.00559,0.89128,0.86526,0.92058,0.62964,1.06262,0.73435,1.47649,0.00127,0.004515,0.001505,0.004515,0.001505,0.004515,0.001505,0.004515,0.001505
27,3959.09,1.1609,0.781,1.51143,0.00558,0.89985,0.8428,0.92077,0.59325,1.18169,0.76173,1.48047,0.00167,0.0044556,0.0014852,0.0044556,0.0014852,0.0044556,0.0014852,0.0044556,0.0014852
28,4094.96,1.17407,0.7825,1.52131,0.00553,0.88885,0.8557,0.91778,0.61663,1.11228,0.74883,1.48762,0.00168,0.0043962,0.0014654,0.0043962,0.0014654,0.0043962,0.0014654,0.0043962,0.0014654
29,4230.71,1.13308,0.76595,1.5061,0.00541,0.88992,0.85601,0.92151,0.65244,0.99204,0.71622,1.45222,0.00104,0.0043368,0.0014456,0.0043368,0.0014456,0.0043368,0.0014456,0.0043368,0.0014456
30,4368.73,1.14281,0.75923,1.49189,0.00519,0.89814,0.86658,0.92303,0.57564,1.30905,0.78229,1.40342,0.00188,0.0042774,0.0014258,0.0042774,0.0014258,0.0042774,0.0014258,0.0042774,0.0014258
31,4505.19,1.1422,0.77247,1.48107,0.00579,0.90281,0.85337,0.92195,0.64941,1.0098,0.72242,1.42303,0.00104,0.004218,0.001406,0.004218,0.001406,0.004218,0.001406,0.004218,0.001406
32,4642.16,1.13004,0.7635,1.48776,0.0061,0.88826,0.86106,0.92294,0.65063,1.00844,0.71197,1.41933,0.00093,0.0041586,0.0013862,0.0041586,0.0013862,0.0041586,0.0013862,0.0041586,0.0013862
33,4780.79,1.12524,0.7594,1.469,0.00563,0.90102,0.85865,0.92451,0.64472,1.03931,0.72016,1.39504,0.00111,0.0040992,0.0013664,0.0040992,0.0013664,0.0040992,0.0013664,0.0040992,0.0013664
34,4920.1,1.08758,0.74112,1.45214,0.00508,0.91278,0.84016,0.92141,0.65824,0.98111,0.69333,1.39822,0.00098,0.0040398,0.0013466,0.0040398,0.0013466,0.0040398,0.0013466,0.0040398,0.0013466
35,5058.65,1.07303,0.73213,1.44847,0.00498,0.88764,0.86394,0.92351,0.64983,0.97979,0.71192,1.38256,0.00094,0.0039804,0.0013268,0.0039804,0.0013268,0.0039804,0.0013268,0.0039804,0.0013268
36,5194.83,1.08115,0.73307,1.45187,0.00527,0.89358,0.85997,0.92915,0.66723,0.94848,0.70631,1.37917,0.00092,0.003921,0.001307,0.003921,0.001307,0.003921,0.001307,0.003921,0.001307
37,5332.52,1.08852,0.72857,1.44134,0.00502,0.88233,0.87165,0.92907,0.66699,0.96414,0.68503,1.36777,0.00111,0.0038616,0.0012872,0.0038616,0.0012872,0.0038616,0.0012872,0.0038616,0.0012872
38,5468.77,1.07339,0.72957,1.42791,0.00542,0.87129,0.87318,0.92332,0.66676,0.9599,0.69027,1.37381,0.00103,0.0038022,0.0012674,0.0038022,0.0012674,0.0038022,0.0012674,0.0038022,0.0012674
39,5606.64,1.07361,0.72129,1.41964,0.00504,0.8888,0.85601,0.92555,0.6673,0.96256,0.68841,1.37614,0.0009,0.0037428,0.0012476,0.0037428,0.0012476,0.0037428,0.0012476,0.0037428,0.0012476
40,5744.17,1.06757,0.71869,1.42374,0.00505,0.90512,0.84941,0.92683,0.65441,0.98537,0.69105,1.36544,0.00122,0.0036834,0.0012278,0.0036834,0.0012278,0.0036834,0.0012278,0.0036834,0.0012278
41,5881.01,1.06157,0.71552,1.42675,0.00509,0.90764,0.85073,0.92402,0.63337,1.10283,0.71844,1.36067,0.00115,0.003624,0.001208,0.003624,0.001208,0.003624,0.001208,0.003624,0.001208
42,6017.11,1.0564,0.71569,1.4087,0.00566,0.89686,0.8679,0.92569,0.67107,0.9888,0.69214,1.35459,0.00099,0.0035646,0.0011882,0.0035646,0.0011882,0.0035646,0.0011882,0.0035646,0.0011882
43,6156.59,1.05093,0.71051,1.40965,0.00554,0.90201,0.85997,0.92526,0.68446,0.9169,0.67896,1.34967,0.00109,0.0035052,0.0011684,0.0035052,0.0011684,0.0035052,0.0011684,0.0035052,0.0011684
44,6295.46,1.05746,0.72367,1.3978,0.00552,0.89815,0.85865,0.92529,0.64965,1.01965,0.70789,1.34992,0.00133,0.0034458,0.0011486,0.0034458,0.0011486,0.0034458,0.0011486,0.0034458,0.0011486
45,6432.99,1.03811,0.70476,1.39208,0.0049,0.8985,0.86537,0.92351,0.66916,0.94047,0.67192,1.33553,0.00118,0.0033864,0.0011288,0.0033864,0.0011288,0.0033864,0.0011288,0.0033864,0.0011288
46,6571.53,1.04051,0.70104,1.3994,0.00485,0.89241,0.86561,0.9247,0.67798,0.93586,0.67832,1.33351,0.00112,0.003327,0.001109,0.003327,0.001109,0.003327,0.001109,0.003327,0.001109
47,6711.1,1.04397,0.7008,1.39218,0.00471,0.88146,0.86443,0.92414,0.6708,0.96254,0.68768,1.31209,0.00139,0.0032676,0.0010892,0.0032676,0.0010892,0.0032676,0.0010892,0.0032676,0.0010892
48,6848.92,1.01395,0.68691,1.37296,0.00477,0.88316,0.87979,0.92571,0.67562,0.9353,0.67093,1.31717,0.00128,0.0032082,0.0010694,0.0032082,0.0010694,0.0032082,0.0010694,0.0032082,0.0010694
49,6987.14,1.0263,0.69482,1.37302,0.00467,0.89556,0.86087,0.92334,0.67562,0.93599,0.66923,1.31275,0.00101,0.0031488,0.0010496,0.0031488,0.0010496,0.0031488,0.0010496,0.0031488,0.0010496
50,7128.41,1.04205,0.69758,1.37731,0.00523,0.8978,0.86394,0.92459,0.68365,0.9272,0.6626,1.31433,0.00094,0.0030894,0.0010298,0.0030894,0.0010298,0.0030894,0.0010298,0.0030894,0.0010298
51,7269.59,1.00956,0.67643,1.3695,0.00466,0.87624,0.87918,0.9279,0.68515,0.91253,0.66216,1.3105,0.00115,0.00303,0.00101,0.00303,0.00101,0.00303,0.00101,0.00303,0.00101
52,7409.88,1.00826,0.68532,1.36858,0.00521,0.8892,0.87318,0.92521,0.68014,0.94577,0.67421,1.3018,0.00128,0.0029706,0.0009902,0.0029706,0.0009902,0.0029706,0.0009902,0.0029706,0.0009902
53,7551.18,1.01007,0.6863,1.37314,0.00477,0.87242,0.88111,0.92364,0.68046,0.9196,0.66581,1.3058,0.00123,0.0029112,0.0009704,0.0029112,0.0009704,0.0029112,0.0009704,0.0029112,0.0009704
54,7692.58,0.99564,0.68176,1.36287,0.00497,0.90438,0.84941,0.92632,0.64354,1.05722,0.68752,1.30994,0.00143,0.0028518,0.0009506,0.0028518,0.0009506,0.0028518,0.0009506,0.0028518,0.0009506
55,7833.23,1.01629,0.68087,1.352,0.00505,0.89493,0.8679,0.93003,0.67576,0.95836,0.67219,1.28057,0.00127,0.0027924,0.0009308,0.0027924,0.0009308,0.0027924,0.0009308,0.0027924,0.0009308
56,7976.61,0.99383,0.67393,1.3537,0.00427,0.89699,0.86275,0.92659,0.68519,0.91189,0.65399,1.2909,0.00115,0.002733,0.000911,0.002733,0.000911,0.002733,0.000911,0.002733,0.000911
57,8116.98,1.00985,0.68165,1.35172,0.00498,0.9006,0.85733,0.92166,0.69136,0.8865,0.64776,1.30036,0.00122,0.0026736,0.0008912,0.0026736,0.0008912,0.0026736,0.0008912,0.0026736,0.0008912
58,8261.61,0.98789,0.6702,1.34875,0.00479,0.89524,0.85791,0.92152,0.68044,0.90505,0.65638,1.28856,0.00094,0.0026142,0.0008714,0.0026142,0.0008714,0.0026142,0.0008714,0.0026142,0.0008714
59,8406.38,0.98597,0.67568,1.34302,0.00422,0.88694,0.8705,0.92425,0.67784,0.94193,0.65822,1.28301,0.00116,0.0025548,0.0008516,0.0025548,0.0008516,0.0025548,0.0008516,0.0025548,0.0008516
60,8552.03,0.97964,0.6608,1.32965,0.00431,0.89281,0.86922,0.92898,0.69923,0.87268,0.64165,1.28535,0.00105,0.0024954,0.0008318,0.0024954,0.0008318,0.0024954,0.0008318,0.0024954,0.0008318
61,8696.3,0.96609,0.66049,1.33393,0.00449,0.88114,0.88139,0.92806,0.70111,0.86983,0.64147,1.27688,0.00118,0.002436,0.000812,0.002436,0.000812,0.002436,0.000812,0.002436,0.000812
62,8841.54,0.99049,0.67066,1.34346,0.00451,0.8764,0.88111,0.92987,0.69704,0.88779,0.65355,1.27917,0.00118,0.0023766,0.0007922,0.0023766,0.0007922,0.0023766,0.0007922,0.0023766,0.0007922
63,8986.14,0.97784,0.66245,1.32612,0.00436,0.86964,0.88639,0.92708,0.69606,0.87085,0.64608,1.27652,0.00118,0.0023172,0.0007724,0.0023172,0.0007724,0.0023172,0.0007724,0.0023172,0.0007724
64,9128.62,0.99007,0.66835,1.33355,0.00471,0.86685,0.88639,0.92343,0.68477,0.92314,0.65515,1.27733,0.00119,0.0022578,0.0007526,0.0022578,0.0007526,0.0022578,0.0007526,0.0022578,0.0007526
65,9271.83,0.96185,0.65637,1.31884,0.00441,0.88495,0.87387,0.92556,0.69437,0.90403,0.65526,1.2756,0.00108,0.0021984,0.0007328,0.0021984,0.0007328,0.0021984,0.0007328,0.0021984,0.0007328
66,9415.23,0.98463,0.65981,1.33485,0.00485,0.89023,0.86779,0.92686,0.70399,0.85905,0.64135,1.27348,0.00089,0.002139,0.000713,0.002139,0.000713,0.002139,0.000713,0.002139,0.000713
67,9558.52,0.96393,0.65699,1.31612,0.00466,0.89389,0.86394,0.9244,0.69257,0.90957,0.65515,1.27055,0.0012,0.0020796,0.0006932,0.0020796,0.0006932,0.0020796,0.0006932,0.0020796,0.0006932
68,9702.4,0.97358,0.6595,1.32703,0.00449,0.90054,0.87311,0.92907,0.70476,0.85222,0.63966,1.26212,0.00099,0.0020202,0.0006734,0.0020202,0.0006734,0.0020202,0.0006734,0.0020202,0.0006734
69,9847.69,0.96196,0.65172,1.31673,0.00458,0.89751,0.87922,0.92867,0.7038,0.86036,0.64473,1.26832,0.00128,0.0019608,0.0006536,0.0019608,0.0006536,0.0019608,0.0006536,0.0019608,0.0006536
70,9991.65,0.9562,0.65327,1.32248,0.00513,0.89444,0.87054,0.92692,0.68494,0.93682,0.65657,1.25359,0.00139,0.0019014,0.0006338,0.0019014,0.0006338,0.0019014,0.0006338,0.0019014,0.0006338
71,10139.7,0.97002,0.65076,1.31938,0.00416,0.8939,0.87054,0.92737,0.70072,0.86657,0.63928,1.27151,0.00118,0.001842,0.000614,0.001842,0.000614,0.001842,0.000614,0.001842,0.000614
72,10285.7,0.96551,0.65623,1.31446,0.00445,0.88482,0.8745,0.92615,0.69926,0.87564,0.6368,1.26419,0.00106,0.0017826,0.0005942,0.0017826,0.0005942,0.0017826,0.0005942,0.0017826,0.0005942
73,10430.3,0.96962,0.65992,1.31708,0.00421,0.89058,0.86526,0.92603,0.69143,0.89731,0.65023,1.25169,0.00116,0.0017232,0.0005744,0.0017232,0.0005744,0.0017232,0.0005744,0.0017232,0.0005744
74,10574.1,0.96734,0.65675,1.3117,0.00466,0.89068,0.86922,0.92869,0.71073,0.83038,0.63919,1.25528,0.00102,0.0016638,0.0005546,0.0016638,0.0005546,0.0016638,0.0005546,0.0016638,0.0005546
75,10718.2,0.95186,0.65305,1.30313,0.00434,0.89774,0.8745,0.92853,0.70879,0.83977,0.63657,1.25748,0.00103,0.0016044,0.0005348,0.0016044,0.0005348,0.0016044,0.0005348,0.0016044,0.0005348
76,10862.1,0.94191,0.64232,1.30319,0.00488,0.89607,0.87583,0.92918,0.70914,0.8383,0.63211,1.25152,0.001,0.001545,0.000515,0.001545,0.000515,0.001545,0.000515,0.001545,0.000515
77,11006.8,0.9322,0.64429,1.30175,0.00429,0.89132,0.87318,0.9268,0.70919,0.83958,0.63122,1.24186,0.00101,0.0014856,0.0004952,0.0014856,0.0004952,0.0014856,0.0004952,0.0014856,0.0004952
78,11151.6,0.93899,0.64087,1.29724,0.00458,0.88447,0.87715,0.92345,0.69847,0.87401,0.64168,1.23563,0.0011,0.0014262,0.0004754,0.0014262,0.0004754,0.0014262,0.0004754,0.0014262,0.0004754
79,11296.7,0.9581,0.6503,1.31169,0.0047,0.88868,0.87531,0.92341,0.71252,0.83806,0.63622,1.24128,0.00112,0.0013668,0.0004556,0.0013668,0.0004556,0.0013668,0.0004556,0.0013668,0.0004556
80,11441,0.94496,0.64688,1.30303,0.00445,0.88878,0.86262,0.92495,0.71506,0.83229,0.63039,1.24626,0.00111,0.0013074,0.0004358,0.0013074,0.0004358,0.0013074,0.0004358,0.0013074,0.0004358
81,11589.6,0.95671,0.65038,1.30616,0.0048,0.88978,0.8679,0.92155,0.69388,0.90354,0.64946,1.24776,0.00124,0.001248,0.000416,0.001248,0.000416,0.001248,0.000416,0.001248,0.000416
82,11732.9,0.93578,0.64287,1.29529,0.00441,0.88487,0.87318,0.92185,0.70298,0.87137,0.63858,1.24313,0.00116,0.0011886,0.0003962,0.0011886,0.0003962,0.0011886,0.0003962,0.0011886,0.0003962
83,11876.7,0.94448,0.64602,1.29975,0.00437,0.88745,0.8679,0.92307,0.7061,0.84862,0.63402,1.24118,0.0012,0.0011292,0.0003764,0.0011292,0.0003764,0.0011292,0.0003764,0.0011292,0.0003764
84,12019.9,0.94493,0.64361,1.29786,0.00449,0.8927,0.8679,0.9247,0.70941,0.83816,0.62661,1.24175,0.00122,0.0010698,0.0003566,0.0010698,0.0003566,0.0010698,0.0003566,0.0010698,0.0003566
85,12163.7,0.91803,0.63174,1.28469,0.00392,0.89481,0.87583,0.92612,0.71008,0.83072,0.62539,1.23475,0.00121,0.0010104,0.0003368,0.0010104,0.0003368,0.0010104,0.0003368,0.0010104,0.0003368
86,12308.1,0.92305,0.63462,1.29298,0.00407,0.8935,0.87715,0.92653,0.7145,0.82861,0.62929,1.23945,0.00124,0.000951,0.000317,0.000951,0.000317,0.000951,0.000317,0.000951,0.000317
87,12453.5,0.92217,0.63521,1.28783,0.00408,0.89319,0.87847,0.92784,0.70812,0.84486,0.63153,1.23768,0.00129,0.0008916,0.0002972,0.0008916,0.0002972,0.0008916,0.0002972,0.0008916,0.0002972
88,12599.1,0.95376,0.64712,1.29356,0.00421,0.88493,0.87847,0.92777,0.71645,0.82687,0.62771,1.23566,0.0012,0.0008322,0.0002774,0.0008322,0.0002774,0.0008322,0.0002774,0.0008322,0.0002774
89,12741.8,0.92975,0.64204,1.29443,0.00419,0.88911,0.87979,0.92867,0.71667,0.82141,0.62443,1.23608,0.00116,0.0007728,0.0002576,0.0007728,0.0002576,0.0007728,0.0002576,0.0007728,0.0002576
90,12886,0.9068,0.62269,1.27892,0.00382,0.89384,0.86755,0.92825,0.71942,0.82067,0.62401,1.23434,0.00116,0.0007134,0.0002378,0.0007134,0.0002378,0.0007134,0.0002378,0.0007134,0.0002378
91,13027.2,1.00446,0.72786,1.36422,0.00214,0.86395,0.87715,0.92179,0.69439,0.88458,0.65409,1.24921,0.0008,0.000654,0.000218,0.000654,0.000218,0.000654,0.000218,0.000654,0.000218
92,13167,1.01202,0.70692,1.34742,0.00234,0.86712,0.87068,0.91712,0.69358,0.86368,0.65836,1.27143,0.0008,0.0005946,0.0001982,0.0005946,0.0001982,0.0005946,0.0001982,0.0005946,0.0001982
93,13306.8,0.98545,0.68511,1.32264,0.00206,0.87085,0.88111,0.92048,0.69048,0.87633,0.66183,1.26753,0.00079,0.0005352,0.0001784,0.0005352,0.0001784,0.0005352,0.0001784,0.0005352,0.0001784
94,13448,0.95912,0.67149,1.31815,0.00217,0.86869,0.88268,0.92427,0.70395,0.84726,0.65595,1.25296,0.00076,0.0004758,0.0001586,0.0004758,0.0001586,0.0004758,0.0001586,0.0004758,0.0001586
95,13589,0.96824,0.66972,1.31898,0.00211,0.87664,0.88243,0.92756,0.70348,0.85368,0.65514,1.24921,0.00078,0.0004164,0.0001388,0.0004164,0.0001388,0.0004164,0.0001388,0.0004164,0.0001388
96,13729.4,0.95152,0.65727,1.30321,0.00199,0.8695,0.88893,0.92923,0.70701,0.85295,0.65044,1.24807,0.00077,0.000357,0.000119,0.000357,0.000119,0.000357,0.000119,0.000357,0.000119
97,13870.1,0.97377,0.66186,1.32065,0.00216,0.87913,0.88395,0.93019,0.70698,0.84429,0.6459,1.25253,0.00077,0.0002976,9.92e-05,0.0002976,9.92e-05,0.0002976,9.92e-05,0.0002976,9.92e-05
98,14012,0.94323,0.6459,1.31117,0.00205,0.87624,0.89168,0.92989,0.6998,0.87246,0.65214,1.25672,0.00081,0.0002382,7.94e-05,0.0002382,7.94e-05,0.0002382,7.94e-05,0.0002382,7.94e-05
99,14153.9,0.94456,0.64832,1.30626,0.00191,0.87717,0.88904,0.93002,0.7055,0.84827,0.64503,1.25763,0.00075,0.0001788,5.96e-05,0.0001788,5.96e-05,0.0001788,5.96e-05,0.0001788,5.96e-05
100,14294,0.93006,0.64059,1.30044,0.00184,0.87452,0.89306,0.93024,0.70936,0.84637,0.64368,1.25163,0.00075,0.0001194,3.98e-05,0.0001194,3.98e-05,0.0001194,3.98e-05,0.0001194,3.98e-05
